,id,sum,group
0,Lessing Julius Rosenwald,10166,1
1,Joseph E. Widener,3506,1
2,United States Government,3202,1
3,Samuel H. Kress Foundation,65,1
4,Mr. and Mrs. J. Watson Webb,37,1
5,Kimbell Art Museum,36,1
6,Chester Dale,29,1
7,Ailsa Mellon Bruce Fund,15,1
8,The Australian Legal Group,11,1
9,Mr. and Mrs. Christopher Middendorf,9,1
10,Mr. and Mrs. Jem Hom,9,1
11,Mrs. George Nichols,8,1
12,Dr. and Mrs. Maclyn E. Wade,6,1
13,Mrs. Ralph Harman Booth,5,1
14,Dr. Toni G. Marcy,3,1
15,J.H. Whittemore Company,2,1
16,Mr. Clarence Van Dyke Tiers,2,1
17,Mr. and Mrs. Jacob Kainen,2,1
18,The Leger Galleries Ltd.,1,1
19,The Armand Hammer Foundation,1,1
20,"Smithsonian Institution, Resident Associate Program",1,1
21,Mrs. Jesse Isidor Straus,1,1
22,Patrons' Permanent Fund,1,1
23,Mrs. Robert B. Noyes,1,1
24,Mr. Albert Lewin,1,1
25,Frederic A. Delano,1,1
26,Mr. J. Russell Lowe,1,1
27,Mr. Ivan E. Phillips,1,1
28,Washington Print Club,1,1
29,Jean Démosthène Dugourc,1,2
30,Harvey Thoss,1,2
31,Hellenistic 2nd Century B.C./1st Century A.D.,1,2
32,Hendrik Gerritsz Pot,1,2
33,Hendrik J. van Craenhals,1,2
34,Richard Houston,1,2
35,Richard Floethe,1,2
36,Henri Simon Thomassin,1,2
37,Henry Corbould,1,2
38,Henry Meyer,1,2
39,Henry Moran,1,2
40,Henry Murphy,1,2
41,Henry Pelham,1,2
42,Richard Brookshaw,1,2
43,Henry Wolf,1,2
44,Rhenish 15th Century,1,2
45,Hercules Seghers,1,2
46,Herman Bader,1,2
47,Herman Schulze,1,2
48,Hermann Marx,1,2
49,Hester Duany,1,2
50,Hollmana,1,2
51,Howard Cook,1,2
52,Raymond Neumann,1,2
53,Hubbell McBride,1,2
54,Raphael Sadeler I,1,2
55,Harriette Gale,1,2
56,Harold Weisenborn,1,2
57,Harley Kempter,1,2
58,Hans Woutneel,1,2
59,Mona Brown,1,2
60,Giuseppe Nicolo Vicentino,1,2
61,Giuseppe Scolari,1,2
62,Giuseppi Filippo Liberati Marchi,1,2
63,Robert van Voerst,1,2
64,Gladys M. Guillaudeu,1,2
65,Robert Tardiff,1,2
66,Robert T. Gills,1,2
67,Gottfried Eichler the Younger,1,2
68,Govaert Flinck,1,2
69,Robert N. Taylor,1,2
70,Guercino,1,2
71,Inez McCombs,1,2
72,Guillaume Voiriot,1,2
73,Guillaume-Philippe Benoist,1,2
74,H.C. Dickins,1,2
75,Robert Juniper,1,2
76,Robert Hart,1,2
77,Robert Graves,1,2
78,Robert Gilson,1,2
79,Robert Gibbings,1,2
80,Robert Fulton Logan,1,2
81,Robert Dunthorne,1,2
82,Hans Sporer,1,2
83,Hans Süss von Kulmbach,1,2
84,Hans Vischer,1,2
85,Guillaume-Francois-Roger Molé,1,2
86,Randolph F. Miller,1,2
87,Randolph Atkinson,1,2
88,Isaac Oliver,1,2
89,Pietro Testa,1,2
90,Jacques-Philippe Caresme,1,2
91,James Dwyer,1,2
92,James E. Allen,1,2
93,Pieter van Sompel,1,2
94,Pieter van Mol,1,2
95,James Wallace Orr,1,2
96,Jan Gossaert,1,2
97,Jan Lutma II,1,2
98,Pieter de Jode I,1,2
99,Jan Rombouts the Elder,1,2
100,Jan Senbergs,1,2
101,Jacques-Guillaume Legrand,1,2
102,Jan Wellens de Cock,1,2
103,Jan van Aken,1,2
104,Pieter Stevens van Gunst,1,2
105,Jan van der Vaart,1,2
106,Jaspar Isacsz,1,2
107,Jean Antoine Pierron,1,2
108,Pieter Stevens,1,2
109,Jean Charlot,1,2
110,Jean Daret,1,2
111,Jean Devaux,1,2
112,Étienne,1,2
113,Pieter Dircksz Santvoort,1,2
114,Pieter Balten,1,2
115,Jan Ziarnko,1,2
116,Giulio Carpioni,1,2
117,Jacques-François-Joseph Swebach-Desfontaines,1,2
118,Jacques-Andre-Joseph-Camelot Aved,1,2
119,Isack van Ostade,1,2
120,Ralph Fletcher Seymour,1,2
121,Ralph Albert Blakelock,1,2
122,Israel Ber Neumann,1,2
123,R. Neville Hadcock,1,2
124,Italian,1,2
125,Pynson Printers,1,2
126,Italian 20th Century,1,2
127,Print and Drawing Club of The Art Institute of Chicago,1,2
128,J. B. Martin,1,2
129,Print Collectors' Club,1,2
130,J.-Louis Darcis,1,2
131,"Pillet, Paris, France",1,2
132,Jacob Gielens,1,2
133,Print Club of Cleveland,1,2
134,Jacob Peter Gowy,1,2
135,Jacob van Oost II,1,2
136,Jacob von Sandrart,1,2
137,Jacobus Houbraken,1,2
138,Princeton Print Club,1,2
139,Jacques Bonnefoy,1,2
140,Prentiss Taylor,1,2
141,Polycles Langlois,1,2
142,Jacques Nicolas Tardieu,1,2
143,Jacques Villon,1,2
144,Pola Gauguin,1,2
145,Jacob Jordaens,1,2
146,Jean Joseph Bastier de Bez,1,2
147,Giulio Benso,1,2
148,Giovanni Lanfranco,1,2
149,Francesco di Lorenzo Rosselli,1,2
150,Francis Bruner,1,2
151,Francis Chapin,1,2
152,Sidney Liswood,1,2
153,Sebastiano Ricci,1,2
154,Sebastian Simonet,1,2
155,Francisco de Zurbarán,1,2
156,Francois Valentin Gazard,1,2
157,Francois de Malherbe,1,2
158,Francois-Antoine Aveline,1,2
159,Francoise Basset,1,2
160,Sandro Botticelli,1,2
161,Frank Gray,1,2
162,Frank S. Browne,1,2
163,Samuel Lane,1,2
164,Frank Weston Benson,1,2
165,Franklin T. Wood,1,2
166,Frans Crabbe van Espleghem,1,2
167,Frans Floris I,1,2
168,Samuel Freeman,1,2
169,Franz Marc,1,2
170,François Duchatel,1,2
171,Samuel Cousins,1,2
172,Samuel Cooper,1,2
173,François Huet,1,2
174,Francesco Segala,1,2
175,Francesco Salviati,1,2
176,Francesco Primaticcio,1,2
177,Francesco Guardi,1,2
178,Etienne Brion,1,2
179,South Netherlandish 15th Century,1,2
180,Solomon Borisovich Judovin,1,2
181,Eugene Higgins,1,2
182,Eugene Shellady,1,2
183,Eugène Delâtre,1,2
184,Eva Auld Watson,1,2
185,Sir Thomas Lawrence,1,2
186,F.C. Davenport,1,2
187,Sir Godfrey Kneller,1,2
188,Federico Castellón,1,2
189,Felix Timmermans,1,2
190,François Joullain,1,2
191,Filippino Lippi,1,2
192,Simon-Joseph Pellegrin,1,2
193,Simon Vouet,1,2
194,Simon Jacques Rochard,1,2
195,Florentine 16th Century,1,2
196,Simon Frisius,1,2
197,Florian Rokita,1,2
198,Fra Angelico,1,2
199,Fra Filippo Lippi,1,2
200,Frances Cohen,1,2
201,Simon Francois Ravenet I,1,2
202,Francesco Casanova,1,2
203,Sidney Nolan,1,2
204,Fine Art Society,1,2
205,François Le Moyne,1,2
206,François Lucas,1,2
207,François-André Vincent,1,2
208,Gerard Barnett,1,2
209,Rose Crosman,1,2
210,Gerhard Albin Albe,1,2
211,German 13th Century,1,2
212,Ronau William Woiceske,1,2
213,German 17th Century,1,2
214,Romain Girard,1,2
215,German 20th Century,1,2
216,Roger de La Fresnaye,1,2
217,Gerrit van Honthorst,1,2
218,Giacomo Franco,1,2
219,Gian Lorenzo Bernini,1,2
220,Roselle Hellenberg Osk,1,2
221,Gilles Demarteau the Elder,1,2
222,Giorgio Ghisi,1,2
223,Giovanni Antonio Pellegrini,1,2
224,Giovanni Balducci,1,2
225,Giovanni Baronzio,1,2
226,Giovanni Battista Bregno,1,2
227,Giovanni Battista Caccini,1,2
228,Rochard,1,2
229,Giovanni Battista Trotti,1,2
230,Giovanni Battista della Rovere,1,2
231,Giovanni Bellini,1,2
232,Rocco Navigato,1,2
233,Giovanni Fortuna,1,2
234,Giorgio De Chirico,1,2
235,Girolamo Genga,1,2
236,George V. Vezolles,1,2
237,George Seideneck,1,2
238,François-Philippe Charpentier,1,2
239,Fred Peterson,1,2
240,Frederic Taubes,1,2
241,Frederick Bouttats I,1,2
242,Frederick Bouttats II,1,2
243,Frederick Christian Lewis I,1,2
244,Frederick Pauling,1,2
245,Frederick T. Reynolds,1,2
246,Salvador Dalí,1,2
247,Friedrich Tischbein,1,2
248,Fritz Voigt,1,2
249,Félicien Rops,1,2
250,George Soper,1,2
251,G.A. Ayers,1,2
252,Georg Glockendon the Elder,1,2
253,Georg M. Maisch,1,2
254,Russell Madole,1,2
255,George B. Wally,1,2
256,"George Barret, Jr.",1,2
257,George Beyer,1,2
258,George Bobholz,1,2
259,George Canning Wales,1,2
260,George Cruikshank,1,2
261,George File,1,2
262,George Hand Wright,1,2
263,Rufino Tamayo,1,2
264,G.A. Spangenberg,1,2
265,Jean Lepautre,1,2
266,Jean Louis Charles Pauquet,1,2
267,Pierre-Jean Mariette,1,2
268,Lyman Young,1,2
269,Léopold Flameng,1,2
270,M. Christollien,1,2
271,M. Favart,1,2
272,M. Paul Roche,1,2
273,Oskar Stössel,1,2
274,Orville Cline,1,2
275,Maerten van Heemskerck,1,2
276,Orsino Benintendi,1,2
277,Mair von Landshut,1,2
278,Malcolm Hackney,1,2
279,Malcolm Osborne,1,2
280,Manuel Salvador Carmona,1,2
281,Norma Lockwood,1,2
282,Marcelin Lortic,1,2
283,Niels Yde Andersen,1,2
284,Nicolò Boldrini,1,2
285,Mariano Andreu,1,2
286,Nicolas de Son,1,2
287,Marie-Anne Croisier,1,2
288,Marie-Therese Martinet,1,2
289,Nicolas de Largillierre,1,2
290,Martin Hardie,1,2
291,Nicolas Vleughels,1,2
292,Martin de Monchy,1,2
293,Ludwig von Siegen,1,2
294,Otto Felsing,1,2
295,Otto J. Schneider,1,2
296,Otto Mueller,1,2
297,Lily Capson,1,2
298,Linnet Alward,1,2
299,Lloyd A. Davidson,1,2
300,Lodovico Carracci,1,2
301,Lorenzo Costa,1,2
302,Lorenzo Monaco,1,2
303,Lorenzo di Credi,1,2
304,Lorieux,1,2
305,Louella Long,1,2
306,Louie H. Ewing,1,2
307,Paul Verrees,1,2
308,Louis Charles Ruotte,1,2
309,Mary Ann Burton,1,2
310,Paul Smith,1,2
311,Paul Sandby,1,2
312,Louis Heckenbleikner,1,2
313,Louis Lozowick,1,2
314,Paul Revere,1,2
315,Louis Tocqué,1,2
316,Paul Reimund,1,2
317,Paul Flindt the Younger,1,2
318,Paul Cadmus,1,2
319,Parmigianino,1,2
320,Paolo Farinati,1,2
321,Lucas Kilian,1,2
322,Lucas Vorsterman II,1,2
323,Louis Fort,1,2
324,Mary Beale,1,2
325,Nicolas Henri Tardieu,1,2
326,Mary Porter,1,2
327,Master with the Mountain-Like Clouds,1,2
328,Mathis Zündt,1,2
329,Matteo Civitali,1,2
330,Matthaus Merian I,1,2
331,Matthew Pratt,1,2
332,Matthis Quad,1,2
333,Murray Macpherson Tod,1,2
334,Maurice-Quentin de La Tour,1,2
335,Max Slevogt,1,2
336,Max Zachmann,1,2
337,Maxil Ballinger,1,2
338,Maxime Lalanne,1,2
339,Master with the Flower Borders,1,2
340,Merritt Mauzey,1,2
341,Michael France,1,2
342,Michael Rekucki,1,2
343,Michel Anguier,1,2
344,Michel Lasne,1,2
345,Morton Mathews,1,2
346,Michel-Victor Dassier,1,2
347,Mortimer Menpes,1,2
348,Moritz Steinla,1,2
349,Monsieur Scarron,1,2
350,Milton Bevier,1,2
351,Miriam Y. Solomon,1,2
352,Mme.  de Monchy,1,2
353,Michael Burghers,1,2
354,Lillian Hunter,1,2
355,Master with the Crossed Clubs,1,2
356,Master of the Stoeger Passion,1,2
357,Maso Finiguerra,1,2
358,Master BM,1,2
359,Master C,1,2
360,Nicolas Bertin,1,2
361,Master HFE,1,2
362,Master HVE,1,2
363,Master I.D.,1,2
364,Master I.I.CA,1,2
365,Master IRs,1,2
366,Master IS,1,2
367,Master L,1,2
368,Master LCz,1,2
369,Master of the Victoria and Albert Diableries,1,2
370,Nicolaes de Bruyn,1,2
371,Nicolaes Pietersz Berchem,1,2
372,Master W with the Key,1,2
373,Master WH,1,2
374,Master d,1,2
375,Master hw,1,2
376,Master of St. Wolfgang,1,2
377,Nicolaes Maes,1,2
378,Master of the Boccaccio Illustrations,1,2
379,Master of the David and Saint John Statuettes,1,2
380,Nal Bal Dian,1,2
381,Master of the Martyrdom of the Ten Thousand,1,2
382,Master of the Playing Cards,1,2
383,Master NW,1,2
384,Paul-Ulric Du Buisson,1,2
385,Paulus Lesire,1,2
386,Leonard Pytlak,1,2
387,Jean-Pierre-Marie Jazet,1,2
388,Jeremias Wolff,1,2
389,Jerome Franken,1,2
390,Jessie Trueworthy,1,2
391,Jodocus Bickart,1,2
392,Jodocus Hondius I,1,2
393,Johan Dircksz van Nes,1,2
394,Johan Wierix,1,2
395,Johann Carl Munck,1,2
396,Johann Daniel Herz the Elder,1,2
397,Johann Eleazar Schenau,1,2
398,Johann Georg Wille,1,2
399,Jean-Martial Fredou,1,2
400,Johann Jacobé,1,2
401,Pierre Duflos,1,2
402,Johann Martin Bernigeroth,1,2
403,Johann Meyrl,1,2
404,Johann Reinhold Schildknecht,1,2
405,Johann Sibmacher,1,2
406,Johannes Cornelisz Verspronck,1,2
407,John Boydell,1,2
408,John Buckland Wright,1,2
409,John Chapman,1,2
410,John Cutting,1,2
411,John Dill,1,2
412,John Faber II,1,2
413,Johann Liss,1,2
414,John Flaxman,1,2
415,Jean-Joseph Vade,1,2
416,Jean-Jacques de Boissieu,1,2
417,Jean Michel Papillon I,1,2
418,Jean Michelin,1,2
419,Jean Moyreau,1,2
420,Jean Nocret,1,2
421,Jean Puget de La Serre,1,2
422,Jean Rabel,1,2
423,Pierre-Francois Berruer,1,2
424,Jean de Dieu,1,2
425,Jean de Gourmont I,1,2
426,Pierre-Etienne Falconet,1,2
427,Jean-Augustin Léveillé,1,2
428,Pierre-Charles Ingouf,1,2
429,Jean-Joseph Bernard called Bernard de Paris,1,2
430,Jean-Baptiste Chapuy,1,2
431,Pierre-Antoine-Augustin-Chevalier de Piis,1,2
432,Jean-Baptiste Isabey,1,2
433,Jean-Baptiste Tilliard,1,2
434,Jean-Baptiste de Lorraine,1,2
435,Jean-Baptiste-André Gautier-Dagoty,1,2
436,Pierre Philippe,1,2
437,Pierre Paul Prud'hon,1,2
438,"Jean-Claude-Richard, Abbé de Saint-Non",1,2
439,Jean-Francois de La Harpe,1,2
440,Jean-François Garnerey,1,2
441,Pierre Larrieu,1,2
442,Jean-Jacques Hubert,1,2
443,Jean-Baptiste Delafosse,1,2
444,Etienne Aubry,1,2
445,John Francis Murphy,1,2
446,John Garay,1,2
447,Julien Antoine Peulot,1,2
448,Julius Mihalik,1,2
449,Jusepe de Ribera,1,2
450,Peter Maler,1,2
451,Karel van Mallery,1,2
452,Peter Maes,1,2
453,Karl Albiker,1,2
454,Karl Hofer,1,2
455,Karl Schmidt-Rottluff,1,2
456,Kenneth Holmes,1,2
457,L.C. de Mormantelle,1,2
458,Perkins Harnly,1,2
459,Julia Boyd,1,2
460,Laurent Dufour,1,2
461,Lawrence Daws,1,2
462,Lawrence Flynn,1,2
463,Lawrence Kupferman,1,2
464,Percy Lancaster,1,2
465,Lazzerini Workshop,1,2
466,Lee Hager,1,2
467,Leendert van der Cooghen,1,2
468,Lefebvre,1,2
469,Peltro William Tomkins,1,2
470,Lemercier & Cie,1,2
471,Lemesle,1,2
472,Lemuel Francis Abbott,1,2
473,Lawrence Barrett,1,2
474,Pierre Charles Levesque,1,2
475,Jules Dupré,1,2
476,José Clemente Orozco,1,2
477,John Gasaway,1,2
478,John Glover,1,2
479,Pierre Alexandre Wille,1,2
480,John Milton,1,2
481,John Olsen,1,2
482,John Osbold,1,2
483,John Ponsford,1,2
484,John Price,1,2
485,John R. Towers,1,2
486,John Singleton Copley,1,2
487,John Smith,1,2
488,John Thane,1,2
489,Juanita Donahoo,1,2
490,John Tubrant,1,2
491,Joseph Boze,1,2
492,Joseph Glover,1,2
493,Joseph Kranzinger,1,2
494,Philipp Otto Runge,1,2
495,Philipp Andreas Kilian,1,2
496,Joseph Margulies,1,2
497,Philip Reisman,1,2
498,Joseph Petitot,1,2
499,Joseph Wright,1,2
500,Josephine Prado,1,2
501,Joshua Thurston,1,2
502,José Chavez Morado,1,2
503,Jon Corbino,1,2
504,Esther Peck,1,2
505,Giuseppe Maria Moretti,1,2
506,Molly Bodenstein,1,2
507,Daniele Ricciarelli,1,2
508,David Baudringien,1,2
509,David Coster,1,2
510,William Byron,1,2
511,Auguste Delâtre,1,2
512,William Doughty,1,2
513,David Loggan,1,2
514,William Bos,1,2
515,Tim Storrier,1,2
516,Arthur Sander,1,2
517,Denis Charles Buldet,1,2
518,William Gropper,1,2
519,William H. Edwards,1,2
520,William Herbert,1,2
521,Desiderius Erasmus,1,2
522,Arthur Boyd,1,2
523,David Lucas,1,2
524,Diego Rivera,1,2
525,Daniel Mytens the Elder,1,2
526,Willem van Swanenburgh,1,2
527,Crispyn van den Queboorn,1,2
528,Barnabe Farmion de Rosoy,1,2
529,Barbara Burrage,1,2
530,Banduk Marika,1,2
531,Balthasar Moncornet,1,2
532,Baldassare d'Este,1,2
533,Cynthia Willard Iliff,1,2
534,Treva Wheete,1,2
535,D Davin,1,2
536,Dan Gualdoni,1,2
537,Willem Jansz. Blaeu,1,2
538,Daniel Berger,1,2
539,Austin L. Davison,1,2
540,Daniel H. Kahnweiler,1,2
541,Willem Kalf,1,2
542,Augustine Haugland,1,2
543,D. Gage,1,2
544,Dirck de Bray,1,2
545,Arlington Gregg,1,2
546,William Hogarth,1,2
547,William Lang,1,2
548,Thomas Phillips,1,2
549,Thomas O'Connor,1,2
550,Dosso Dossi,1,2
551,Thomas Holme,1,2
552,Douglas Ion Smart,1,2
553,William Merritt Chase,1,2
554,Thomas Robert Way,1,2
555,Dowdeswell and Dowdeswell,1,2
556,Annie L. Vaughn,1,2
557,Annie B. Johnston,1,2
558,Anne Goldthwaite,1,2
559,Anne Colman,1,2
560,Anna Maria van Schurman,1,2
561,E.A. Smaller,1,2
562,E.J. Gilsleider,1,2
563,Dutch 16th Century,1,2
564,Antoine Maxime Monsaldy,1,2
565,Dorothea Bates,1,2
566,Antoine Trouvain,1,2
567,Domenico Beccafumi,1,2
568,W. J. Alais,1,2
569,Domenico Piola,1,2
570,Anton Wierix II,1,2
571,Domenico Veneziano,1,2
572,Dominic Artaria,1,2
573,Dominique Lampsonius,1,2
574,Thomas Watson,1,2
575,Anton Mauve,1,2
576,Antoinette du Ligier de La * Deshoulieres,1,2
577,Donald Kirkpatrick,1,2
578,Antoine-Louis Barye,1,2
579,William Holl I,1,2
580,Donald Streeter,1,2
581,William Holl II,1,2
582,Doris Hollingsworth,1,2
583,William Kerby,1,2
584,Barthelemy Imbert,1,2
585,Earl Butlin,1,2
586,Barthelemy Joseph Fulcran Roger,1,2
587,Unknown 16th Century,1,2
588,Vincent van Gogh,1,2
589,Charles Francois Gabriel Levachez,1,2
590,Chauncey Foster Ryder,1,2
591,Charles Dupuis,1,2
592,Walter Pyle,1,2
593,Chevalier de Querelles,1,2
594,Childe Hassam,1,2
595,Charles Garjian,1,2
596,Charles Colle,1,2
597,Carson Sutherlin Davenport,1,2
598,Christabel Scrymser,1,2
599,Christian Cato,1,2
600,Christian von Mechel,1,2
601,Christoffel van Sichem I,1,2
602,Carlo Maratta,1,2
603,Christopher Hobbs,1,2
604,Cesare Nebbia,1,2
605,Carl Strehlau,1,2
606,Virgil,1,2
607,Charles Johnson,1,2
608,W. Douglas MacLeod,1,2
609,Charles Turner Warren,1,2
610,Charles Welch,1,2
611,Charles Perrault,1,2
612,Charles Wheeler Locke,1,2
613,Charles Nicolas Varin,1,2
614,Charles Michel-Ange Challe,1,2
615,Voltaire,1,2
616,Wallerant Vaillant,1,2
617,Charles Loring Elliott,1,2
618,Charles Lepeintre,1,2
619,Charles Willson Peale,1,2
620,Esther Molina,1,2
621,W. B. Dukes,1,2
622,Charles K. Gleeson,1,2
623,Charles-Eugene Duponchel,1,2
624,Charles Mannino,1,2
625,Clare Leighton,1,2
626,Carl Schutz,1,2
627,Claude Hoin,1,2
628,Colin Lanceley,1,2
629,Cornelis Boel,1,2
630,Benjamin Chambers Brown,1,2
631,Cornelis Botke,1,2
632,Venetian 15th Century,1,2
633,Benjamin Bryant,1,2
634,Benedetto Briosco,1,2
635,Bernard Vaillant,1,2
636,Beatrice S. Levy,1,2
637,Beatrice Christy,1,2
638,Veit Specklin,1,2
639,Baye M. Yancey,1,2
640,Bartolomeus van Lochom,1,2
641,Bartolomeo Bulgarini,1,2
642,Barthélemy Prieur,1,2
643,Cornelius Matsys,1,2
644,Velut,1,2
645,Wilfred Fairclough,1,2
646,Bertalan Bodnar,1,2
647,Wilbur M Rice,1,2
648,Warren B. Davis,1,2
649,Camillo Procaccini,1,2
650,Cadwallader Washburn,1,2
651,Claude Mellan,1,2
652,Claude-Augustin Duflos,1,2
653,Claude-Donat Jardinier,1,2
654,C.H. Hastings,1,2
655,C.-A.-L. Buisson,1,2
656,Vincent La Badessa,1,2
657,Clementine Fossek,1,2
658,Bruce Gentry,1,2
659,Boris Artzybasheff,1,2
660,Bonnemain (family member),1,2
661,Bohemian 17th Century,1,2
662,Cleon Barton,1,2
663,Clodion,1,2
664,Viguet,1,2
665,Ugo Mochi,1,2
666,Ann Thomson,1,2
667,Thomas de Keyser,1,2
668,Winifred Gibbes,1,2
669,Alexandre Tardieu,1,2
670,"Alexandre-Frédéric-Jacques Masson, marquis de Pezay",1,2
671,T. Joyce,1,2
672,Agnes Sims,1,2
673,Erhard Ratdolt,1,2
674,Agnes Miller Parker,1,2
675,Erhard Schön,1,2
676,El Greco,1,2
677,Alfred Parys,1,2
678,Alfred William Warren,1,2
679,Edwin Headley Holgate,1,2
680,Alexandre Chaponnier,1,2
681,The Colophon,1,2
682,Yves-Marie Le Gouaz,1,2
683,Edward Strzalkowski,1,2
684,Elmer Adler,1,2
685,Adriaen Pietersz van de Venne,1,2
686,Theocritus,1,2
687,William Woollett,1,2
688,William Washington,1,2
689,Edward Jewett,1,2
690,Edward Hopper,1,2
691,Edward Harding,1,2
692,Allen Lewis,1,2
693,Edward W. Buechner,1,2
694,Wolfgang Philipp Kilian,1,2
695,Alexander Nasmyth,1,2
696,Erhard Etzlaub,1,2
697,Albert Edelfelt,1,2
698,Elzy J. Bird,1,2
699,Albert Engstrom,1,2
700,Sébastien Bourdon,1,2
701,Elizabeth T. Reike,1,2
702,Albert Camilli,1,2
703,Elisha Kent Kane Wetherill,1,2
704,Elisabeth Sophie Cheron,1,2
705,Emil Orlik,1,2
706,Emil Warns,1,2
707,Winslow Homer,1,2
708,Winifred Hoover,1,2
709,Emile Antoine Verpilleux,1,2
710,Emile Bernard,1,2
711,Willoughby Ions,1,2
712,Elias Martin,1,2
713,Emilio Amero,1,2
714,Alessandro Allori,1,2
715,Sébastien Le Clerc I,1,2
716,Emily Gierman,1,2
717,Emma Wilson,1,2
718,Alessandro Mastro-Valerio,1,2
719,English 16th Century,1,2
720,Albert Allen,1,2
721,Erhard Altdorfer,1,2
722,Ernest Haskell,1,2
723,Edward Bouverie Hoyton,1,2
724,Alfred von Franck,1,2
725,Adolph Menzel,1,2
726,Theodore Pfitzer,1,2
727,Ernest William Watson,1,2
728,William Roberts,1,2
729,Adam Elsheimer,1,2
730,Ada V. May,1,2
731,William Mills,1,2
732,Andreas Mattaus Wolfgang,1,2
733,André Dunoyer de Segonzac,1,2
734,Erskine Carter,1,2
735,Edme Bouchardon,1,2
736,Adeline S. Illingworth,1,2
737,vicomte Charles Henri Desfosses,1,2
738,Élisabeth Louise Vigée Le Brun,1,2
739,Angélique Allais,1,2
740,Thomas Dooley,1,2
741,Abraham Blooteling,1,2
742,Abraham Bloemaert,1,2
743,Esaias van de Velde I,1,2
744,A.R. Tolman,1,2
745,Thomas Hart Benton,1,2
746,Thomas Hirschmann,1,2
747,Earl Horter,1,2
748,Edith Olney,1,2
749,duc de François La Rochfoucauld,1,2
750,Acke Aslund,1,2
751,Theodore Kraus,1,2
752,Edward Borein,1,2
753,Theodor Galle,1,2
754,William Spiecker,1,2
755,Elmer G. Anderson,1,2
756,Amos C. Brinton,1,2
757,Natalie Simon,2,2
758,Mildred Ford,2,2
759,Charles B. J. Févret de Saint-Mémin,2,2
760,British 20th Century,2,2
761,Michiel van der Gucht,2,2
762,Jean Daullé,2,2
763,Walter Praefke,2,2
764,Joannes Meyssens,2,2
765,Wellington Blewett,2,2
766,Jean Duplessi-Bertaux,2,2
767,Jeremias Falck,2,2
768,Pierre-Imbert Drevet,2,2
769,Jean-Étienne Liotard,2,2
770,Jean-Auguste-Dominique Ingres,2,2
771,Walter G. Capuozzo,2,2
772,Jean Pelletier,2,2
773,Wsesolod Woinoff,2,2
774,Albert Bloch,2,2
775,dame de Francoise d'Issembourg d'Happoncourt Graffigny,2,2
776,Jean Testard,2,2
777,Johann Heinrich Rode,2,2
778,Betty Fuerst,2,2
779,Master of the Golden Bull,2,2
780,Johann Georg Eckart,2,2
781,Johann Friedrich Fleischberger,2,2
782,Master of the Meshed Background,2,2
783,Wilbrode-Magloire-Nicolas Courbe,2,2
784,Max Beckmann,2,2
785,Mino da Fiesole,2,2
786,Johann Christoph Teucher,2,2
787,Max Unger,2,2
788,Minnetta Good,2,2
789,Aaron Fastovsky,2,2
790,Jean Victor Dupin,2,2
791,W.T. Annis,2,2
792,Pierre-Antoine Demachy,2,2
793,comte de Anne-Claude-Philippe de Tubières Caylus,2,2
794,Jean-Baptiste-Pierre Le Brun,2,2
795,Mrs. Goodwin,2,2
796,Cecil Smith,2,2
797,Pierre Thomas Le Clerc,2,2
798,Carle Van Loo,2,2
799,Charles Enjoian,2,2
800,Carle Vernet,2,2
801,Charles Goodwin,2,2
802,Wanda Gág,2,2
803,Jean-Baptiste Perronneau,2,2
804,Matthias Gottfried Eichler,2,2
805,Jean-Baptiste Oudry,2,2
806,Jean-Baptiste Morret,2,2
807,Melchior Lorch,2,2
808,Jean Mathieu,2,2
809,Master with the Banderoles,2,2
810,Pierre-Ambroise-Francois Choderlos de Laclos,2,2
811,Carl Pickhardt,2,2
812,Jean-Frédéric Schall,2,2
813,Master of the Protective Saints of Cologne,2,2
814,Jean-Louis De Marne,2,2
815,Jean Gabriel Caquet,2,2
816,Jean Henry Alexandre Pernet,2,2
817,Chambolle-Duru,2,2
818,Pierre II Woeiriot de Bouzey,2,2
819,Camligue,2,2
820,Watteau de Lille,2,2
821,Jean Jacques Lagrenée II,2,2
822,Michel Aubert,2,2
823,Pierre-Laurent Auvray,2,2
824,Maurice Blot,2,2
825,Max Fernekes,2,2
826,Jean-Gaspard Heilmann,2,2
827,Jean-Baptiste Carpeaux,2,2
828,Michael Wolgemut,2,2
829,Jean-Louis Delignon,2,2
830,"Louis-Philippe-Joseph, duc d' Orléans",2,2
831,Master of the Cologne Arms,2,2
832,Lionel Lindsay,2,2
833,William Rogers,2,2
834,Anacreon,2,2
835,O.A. Kirby,2,2
836,Majel G. Claflin,2,2
837,American 18th Century,2,2
838,William Walker,2,2
839,Margaret Golden,2,2
840,Margaret Knapp,2,2
841,Antonio Rossellino,2,2
842,Antonio del Pollaiuolo,2,2
843,Lelah Nelson,2,2
844,Margaret Stottlemeyer,2,2
845,William Hoffman,2,2
846,Margery Parish,2,2
847,Armin Landeck,2,2
848,Nicolas-René Jollain,2,2
849,Nicolas-Dauphin de Beauvais,2,2
850,Lambert Hopfer,2,2
851,William Frank,2,2
852,L. Roger,2,2
853,L. Legoux,2,2
854,Asa Cheffetz,2,2
855,Oskar Kokoschka,2,2
856,Mabel S. Kelton,2,2
857,Maarten de Vos,2,2
858,Antoine Radigues,2,2
859,Louise Le Doulceur,2,2
860,Paul Cézanne,2,2
861,Luca Cambiaso,2,2
862,Louis-Joseph Le Lorrain,2,2
863,Louis-Jacques Cathelin,2,2
864,Louis-Claude Vassé,2,2
865,Paul Landacre,2,2
866,Ann Belle N. Eubank,2,2
867,P. Davesne,2,2
868,Louis Rolland Trinquesse,2,2
869,Anne-Gabriel Meusnier de Querlon,2,2
870,Alice Braun,2,2
871,Angelo Marullo,2,2
872,Angelo Bulone,2,2
873,Anonymous Flemish 15th Century,2,2
874,Lucretius,2,2
875,William Lee-Hankey,2,2
876,Andrew Topolosky,2,2
877,Antoine Coypel,2,2
878,Antoine Francois Dennel,2,2
879,Antoine Lebel,2,2
880,Antoine Masson,2,2
881,Andrea del Verrocchio,2,2
882,M. Louise Kent,2,2
883,Louis Germain,2,2
884,Will Barnet,2,2
885,Kathryn Uhl,2,2
886,Martin Lewis,2,2
887,John Wilkes,2,2
888,Willem Jacobsz Delff,2,2
889,Alessandro Magnasco,2,2
890,John Swientochowski,2,2
891,John Sloan,2,2
892,Aleksandr Nikolaevich Samokhvalov,2,2
893,John Singer Sargent,2,2
894,Master NA.DAT with the Mousetrap,2,2
895,William Meyerowitz,2,2
896,John Payne,2,2
897,Bartolomeo Coriolano,2,2
898,John Linnell,2,2
899,John Jones,2,2
900,Master of 1515,2,2
901,Master of St. Sebastian,2,2
902,Albert Eyth,2,2
903,Master of the Berlin Passion,2,2
904,Nathaniel Sparks,2,2
905,Benjamin West,2,2
906,Benoit-Louis Henriquez,2,2
907,Benoît Audran I,2,2
908,John Cooke,2,2
909,Benoît-Louis Prévost,2,2
910,Jonathan Swift,2,2
911,Jose Gutierrez Solana,2,2
912,Josef Albers,2,2
913,Alex. Clement,2,2
914,Martin Marvie,2,2
915,Karel Dujardin,2,2
916,Auguste Raffet,2,2
917,Philadelphia Society of Etchers,2,2
918,Martino Rota,2,2
919,Philip Cheney,2,2
920,Nicolas Tanché,2,2
921,Alfred Denghausen,2,2
922,Nicolas Schencker,2,2
923,Jost Amman,2,2
924,Alfonso Umana,2,2
925,Martha L. Lanscher,2,2
926,Josephine C. Romano,2,2
927,Philip Kappel,2,2
928,Master B.H.M.,2,2
929,Joseph Vivien,2,2
930,Joseph Sudek,2,2
931,Baccio Bandinelli,2,2
932,Baldassare Peruzzi,2,2
933,"Philippe Duc d'Orleans, Palais Royal, Paris, France",2,2
934,Master I.A.M. of Zwolle,2,2
935,Joseph Gray,2,2
936,Alexander Chudom,2,2
937,Joseph Cannella,2,2
938,Alfonso Moreno,2,2
939,Jan de Vos,2,2
940,Pierre-Michel Alix,2,2
941,Thomas Sully,2,2
942,Eleanor Ruelos,2,2
943,Douglas Cox,2,2
944,Eleanor Alexander,2,2
945,Gerhard Marcks,2,2
946,Tabea Hosier,2,2
947,Samuel Fineman,2,2
948,Ignacio Zuloaga,2,2
949,Raphael Soyer,2,2
950,Eileen Knox,2,2
951,Edward Unger,2,2
952,Thomas Holloway,2,2
953,Samuel Collings,2,2
954,Raymond Guterl,2,2
955,Howard Weld,2,2
956,David P Willoughby,2,2
957,Dorothy Kiernan,2,2
958,Villeneuve,2,2
959,Gian Marco Cavalli,2,2
960,Harry G. Alexander,2,2
961,Donald Williams,2,2
962,Elie du Mesnil,2,2
963,Sassetta,2,2
964,Henry Bonaventure Monnier,2,2
965,Hardin Walsh,2,2
966,Clarence W. Dawson,2,2
967,Frank C. Barks,2,2
968,Quentin Massys,2,2
969,Quentin-Pierre Chedel,2,2
970,Frank Duveneck,2,2
971,Israël Silvestre,2,2
972,Samuel William Reynolds I,2,2
973,Harmen Adolfsz.,2,2
974,Claude-Antoine Littrey de Montigny,2,2
975,Giovanni Antonio Remondini,2,2
976,Gilbert Stuart,2,2
977,Dana Bartlett,2,2
978,Howard Lumbard,2,2
979,Hogarth and Son,2,2
980,Ventura Salimbeni,2,2
981,Ruth Bialostosky,2,2
982,Henry Rasmusen,2,2
983,Gemini G.E.L.,2,2
984,Cornelis Dusart,2,2
985,Cornelis Galle I,2,2
986,George Roehl,2,2
987,George Morland,2,2
988,Hendrik Cornelisz van Vliet,2,2
989,Crispijn van de Passe II,2,2
990,Henry Fuseli,2,2
991,Edme Jeaurat,2,2
992,Henri Beaubrun,2,2
993,George Clint,2,2
994,Henri Nicolas van Gorp,2,2
995,Helen Hobart,2,2
996,Horace,2,2
997,Georges Braque,2,2
998,Edouard Vuillard,2,2
999,Edward Kibbee,2,2
1000,Samuel Chamberlain,2,2
1001,Hieronymus Wierix,2,2
1002,Helen Balfour,2,2
1003,Edward D. Williams,2,2
1004,Renee A. Monfalcone,2,2
1005,Victor Jean Nicolle,2,2
1006,Gerald Scalise,2,2
1007,Salvatore Borrazzo,2,2
1008,French 16th Century,2,2
1009,Gerald Bernhardt,2,2
1010,Georges Rouault,2,2
1011,Georges Malbeste,2,2
1012,French 19th Century,2,2
1013,Fritz Boehmer,2,2
1014,Frédéric Cazenave,2,2
1015,Ivar Julius,2,2
1016,Cornelius Frazier,2,2
1017,J. Herman McCollum,2,2
1018,Jacques Dumont Le Romain,2,2
1019,Daniel Hopfer,2,2
1020,Polidoro da Caravaggio,2,2
1021,Etienne Theaulon,2,2
1022,Gordon Sanborn,2,2
1023,Jacques Reich,2,2
1024,Hans Brosamer,2,2
1025,J. Arrivet,2,2
1026,Jacques Sébastien Le Clerc,2,2
1027,Giulio Romano,2,2
1028,Charles-Pierre Colardeau,2,2
1029,Gustave Leheutre,2,2
1030,Sir John Charles Robinson,2,2
1031,James Watson,2,2
1032,Charles-François Daubigny,2,2
1033,Jacques-Louis Copia,2,2
1034,Stefano Della Bella,2,2
1035,Pieter van der Banck,2,2
1036,Titian,2,2
1037,Gordon Grant,2,2
1038,Charles-Clement Bervic,2,2
1039,F. Cabouret,2,2
1040,Diana Scultori,2,2
1041,James Neagle,2,2
1042,Desiderio da Settignano,2,2
1043,Stella Drabkin,2,2
1044,Pieter de Jode II,2,2
1045,Eugène Isabey,2,2
1046,Pieter van Laer,2,2
1047,Jacques Charlier,2,2
1048,Ernst Barlach,2,2
1049,Erich Heckel,2,2
1050,Charles Rose,2,2
1051,Charles Simonneau,2,2
1052,Claes Jansz Visscher,2,2
1053,J. Pélicier,2,2
1054,Sydney Roberts,2,2
1055,Guido Reni,2,2
1056,J.J. O'Neill,2,2
1057,Jacob Duck,2,2
1058,Giovanni Battista Remondini,2,2
1059,Jacob Fransz van der Merck,2,2
1060,Floyd R. Sharp,2,2
1061,David Ramage,2,2
1062,Jacob Friedland,2,2
1063,Jacob Matham,2,2
1064,Jacques Cazotte,2,2
1065,Chris Makrenos,2,2
1066,Spanish (Castile),2,2
1067,Jacques Androuet du Cerceau,2,2
1068,Giulio Campagnola,2,2
1069,Flora G. Guerra,2,2
1070,Jacopo Tintoretto,2,2
1071,Jacopo Palma il Giovane,2,2
1072,Giovanni della Robbia,2,2
1073,Florentine 15th Century,2,2
1074,Eugène Carrière,2,2
1075,Jacobus Neeffs,2,2
1076,Chinese 20th Century,2,2
1077,Vincent Murphy,2,2
1078,Florence Huston,2,2
1079,George E. Rhone,3,2
1080,Théodore Gericault,3,2
1081,Théodore Chassériau,3,2
1082,George Constantine,3,2
1083,Gerard Rene Le Vilain,3,2
1084,Laurent Guyot,3,2
1085,Giovanni Battista Palumba,3,2
1086,Lester Kausch,3,2
1087,Rodolphe Bresdin,3,2
1088,Lena Nastasi,3,2
1089,Roberta Elvis,3,2
1090,German 19th Century,3,2
1091,Louis Fabritius Dubourg,3,2
1092,LeRoy Griffith,3,2
1093,Le Campion family,3,2
1094,Louis Le Coeur,3,2
1095,Louis Michel Van Loo,3,2
1096,Diego Velázquez,3,2
1097,Thomas Hodgetts,3,2
1098,E. Guersant,3,2
1099,Robert W.R. Taylor,3,2
1100,Gladys Phillips,3,2
1101,Pieter Tanje,3,2
1102,Martha Reed,3,2
1103,André Dutertre,3,2
1104,Master of St. Erasmus,3,2
1105,Albert Geuppert,3,2
1106,Elizabeth Moutal,3,2
1107,Emery Herrett,3,2
1108,Master of the Horse Heads,3,2
1109,Wolf Traut,3,2
1110,Florence Milto,3,2
1111,Florence Hastings,3,2
1112,Filippo Porreca,3,2
1113,Adriaen van der Werff,3,2
1114,Ferdinand Gaillard,3,2
1115,Ferdinand Badin,3,2
1116,N. Thomas,3,2
1117,"Ernest A. Towers, Jr.",3,2
1118,comte de Louis-Elisabeth de La Vergne Tressan,3,2
1119,Max Kahn,3,2
1120,F. Coutellier,3,2
1121,Sir Peter Lely,3,2
1122,Adolf Dehn,3,2
1123,Sir Peter Paul Rubens,3,2
1124,Mrs. Inez Montgomery,3,2
1125,Ada Barnes,3,2
1126,Eugene La Foret,3,2
1127,vicomte Charles-Gilbert Terray Morel de Vindé,3,2
1128,Eugene C. Miller,3,2
1129,Michiel van Miereveld,3,2
1130,Erwin Stenzel,3,2
1131,Monogrammist FG,3,2
1132,Etienne Claude Voysard,3,2
1133,Albert Ryder,3,2
1134,Lucas van Doetechum,3,2
1135,Francois-Nicolas Martinet,3,2
1136,Alexander Anderson,3,2
1137,Ruggiero Pierotti,3,2
1138,Ludwig Krug,3,2
1139,Edmond Lorts,3,2
1140,Luigi Lucioni,3,2
1141,Otto August Kühler,3,2
1142,Genevieve Sherlock,3,2
1143,Genevieve Jordan,3,2
1144,Madeline Arnold,3,2
1145,Edmund Blampied,3,2
1146,American 19th Century,3,2
1147,Noël Pruneau,3,2
1148,Edward Bashaw,3,2
1149,William Ward,3,2
1150,Salvatore Tresca,3,2
1151,Frederick George Austin,3,2
1152,Marie Elisabeth Thibault,3,2
1153,Nicolas-Gabriel Dupuis,3,2
1154,François Voyez,3,2
1155,François Rabelais,3,2
1156,Edward Timothy Hurley,3,2
1157,Eldon Allen,3,2
1158,Franklin Townsend Morgan,3,2
1159,Eleanor Cunningham,3,2
1160,Eleanor Rogers,3,2
1161,Nicolas Colibert,3,2
1162,William Wynne Ryland,3,2
1163,Frank McEntee,3,2
1164,Samuel Palmer,3,2
1165,Frank M. Keane,3,2
1166,Francois-Xavier Vispre,3,2
1167,Peter Connin,3,2
1168,LeRoy McCarrel,3,2
1169,Kerr Eby,3,2
1170,Pierre-Francois Courtois,3,2
1171,Jean Racine,3,2
1172,Wenzel von Olmutz,3,2
1173,Print Club of Albany,3,2
1174,Walter Tittle,3,2
1175,Jacopo Francia,3,2
1176,John Hoppner,3,2
1177,Balthasar Bernaerts,3,2
1178,Richard Evett Bishop,3,2
1179,Jean-Baptiste Mallet,3,2
1180,Jacob Folkema,3,2
1181,Harry Sternberg,3,2
1182,Joseph Goldberg,3,2
1183,Pierre-Alexandre Aveline,3,2
1184,Jeanne Deny,3,2
1185,Johannes van Doetechum the Elder,3,2
1186,John Oster,3,2
1187,Jean-Baptiste-Louis Gresset,3,2
1188,Heinrich Guttenberg,3,2
1189,Pierre Filloeul,3,2
1190,Jonas Silber,3,2
1191,Helen Bronson,3,2
1192,Richard Taylor,3,2
1193,John W. Winkler,3,2
1194,Pierre Laujon,3,2
1195,Bartholomaeus Spranger,3,2
1196,Isac Friedlander,3,2
1197,Jean-Louis Anselin,3,2
1198,"Queen Marguerite, consort of Henry II",3,2
1199,Hendrik Hondius I,3,2
1200,Joseph Simpson,3,2
1201,Hugo Grotius,3,2
1202,Hieronymus Hopfer,3,2
1203,Peter Isselburg,3,2
1204,Associated American Artists,3,2
1205,David Funck,3,2
1206,H. Gordon Warlow,3,2
1207,Jan Lievens,3,2
1208,Charles Moss,3,2
1209,John Constable,3,2
1210,Restif de La Bretonne,3,2
1211,Herman O. Stroh,3,2
1212,Auguste-Claude-Simon Legrand,3,2
1213,Regina Henderer,3,2
1214,Hans Janssen,3,2
1215,Wilford H. Shurtliff,3,2
1216,James McLellan,3,2
1217,Jean Duvet,3,2
1218,Claude Marshall,3,2
1219,James M. Lawson,3,2
1220,Charles de La Fosse,3,2
1221,Charles Le Brun,3,2
1222,Josiah Boydell,3,2
1223,Johann Lechner,3,2
1224,Troy Kinney,3,2
1225,Willem Hondius,3,2
1226,Nicolas Mignard,4,2
1227,Martial Deny,4,2
1228,Hugh Clarke,4,2
1229,Pierre Drevet,4,2
1230,Marion Gaylord,4,2
1231,Johannes Hanias,4,2
1232,Bernard Picart,4,2
1233,Jean-Marc Nattier,4,2
1234,Marion Gaskill,4,2
1235,Claude-Joseph Dorat,4,2
1236,Nicolas-Toussaint Charlet,4,2
1237,François-Hubert Drouais,4,2
1238,Edward Grant,4,2
1239,Jenny Almgren,4,2
1240,Alfred Bendiner,4,2
1241,Samuel Faigin,4,2
1242,Claude-Olivier Gallimard,4,2
1243,Alice Cosgrove,4,2
1244,Martha Elliot,4,2
1245,Sidney Mackenzie Litten,4,2
1246,Frank Gutting,4,2
1247,Vivant Denon,4,2
1248,Max Liebermann,4,2
1249,Max Rosenthal,4,2
1250,Jakob Binck,4,2
1251,Pieter Claesz Soutman,4,2
1252,Jean Florent Defraine,4,2
1253,Society of American Graphic Artists,4,2
1254,Jacques de Seve,4,2
1255,Ernst Ludwig Kirchner,4,2
1256,Jean Charles Delafosse,4,2
1257,Jean Benjamin de La Borde,4,2
1258,Eugene Bartz,4,2
1259,Charles William Cain,4,2
1260,Jan Muller,4,2
1261,Mina Lowry,4,2
1262,Stanley Anderson,4,2
1263,Charles William Taylor,4,2
1264,Charles François Adrien Macret,4,2
1265,Jean Morin,4,2
1266,Jacques Philippe Joseph de Saint-Quentin,4,2
1267,Italian 19th Century,4,2
1268,Francois-Robert Ingouf,4,2
1269,Master T.F.,4,2
1270,Albert Rudin,4,2
1271,Francois de Salignac de La Mothe-Fenelon,4,2
1272,Clarence Secor,4,2
1273,Schelte Adams Bolswert,4,2
1274,Master of the Die,4,2
1275,Master of the Dutuit Mount of Olives,4,2
1276,Elmer Weise,4,2
1277,Jean-Baptiste Louvet de Couvrai,4,2
1278,Suzanne Chapman,4,2
1279,Master of the S-Series Tarocchi,4,2
1280,Jean-Baptiste Hüet,4,2
1281,Agostino dei Musi,4,2
1282,Chicago Society of Etchers,4,2
1283,Ferdinand Bol,4,2
1284,Nicolas Andre Monsiau,4,2
1285,Pierre Chenu,4,2
1286,Esther Martindale,4,2
1287,Hans Leonard Schäufelein,4,2
1288,Robert Clark,4,2
1289,Hans Holbein the Elder,4,2
1290,Pierre Alexandre Le Prieur,4,2
1291,Henry Edward Dawe,4,2
1292,William Walcot,4,2
1293,Dirk Jacobsz Vellert,4,2
1294,Augustus Charles Pugin,4,2
1295,Lodovico Ariosto,4,2
1296,Archie Thompson,4,2
1297,Louis Maldarelli,4,2
1298,Ovid,4,2
1299,Gerard Edelinck,4,2
1300,Lloyd Charles Lemcke,4,2
1301,Giovanni Pietro Birago,4,2
1302,"P. & D. Colnaghi & Co., Ltd.",4,2
1303,Georgine E. Mason,4,2
1304,John Raphael Smith,4,2
1305,Thomas Goff Lupton,4,2
1306,Richard Parkes Bonington,4,2
1307,Antoine-Francois Prévost,4,2
1308,George Romney,4,2
1309,Hans Springinklee,4,2
1310,Giovanni Battista Cipriani,4,2
1311,George Vertue,4,2
1312,Baron de Charles de Secondat Montesquieu,4,2
1313,John Thorsen,4,2
1314,Richard Earlom,4,2
1315,Paul Kelly,4,2
1316,Hazel Sheckler,4,2
1317,Alvin Shiren,4,2
1318,Aubrey Beardsley,4,2
1319,Salomon van Abbé,4,2
1320,Willem Buytewech,4,2
1321,Louis Bosse,4,2
1322,John Dieterich,4,2
1323,Antoine Cosme Giraud,4,2
1324,Thomas Stothard,4,2
1325,Saint-Gois,4,2
1326,Laurent Cars,4,2
1327,Harry Jennings,4,2
1328,John E. Costigan,4,2
1329,William Parkinson,4,2
1330,Julius Bloch,4,2
1331,Edmond W. Brown,4,2
1332,Léonard Gaultier,4,2
1333,Cristofano Robetta,4,2
1334,Auguste Renoir,4,2
1335,Herbert Johnson Harvey,4,2
1336,William O. Fletcher,4,2
1337,Louis Gabriel Moreau the Elder,4,2
1338,Gene Luedke,4,2
1339,Justus van Verus,4,2
1340,Mathias Beutler,5,2
1341,Maud Schmid,5,2
1342,"Hans Weiditz, II",5,2
1343,Vincent P. Rosel,5,2
1344,Longus,5,2
1345,Balthasar Anton Dunker,5,2
1346,Dorothea Mierisch,5,2
1347,Lon Cronk,5,2
1348,Will Dyson,5,2
1349,Stephen Gooden,5,2
1350,A.B. Duhamel,5,2
1351,Stanley Mazur,5,2
1352,Jan Theodor de Bry,5,2
1353,Gwyneth King,5,2
1354,Kalamian Walton,5,2
1355,Etienne Fessard,5,2
1356,H. Langden Brown,5,2
1357,Abraham Bosse,5,2
1358,Arnaud Berquin,5,2
1359,Michel Le Bouteux,5,2
1360,Jean Charles Le Vacher de Charnois,5,2
1361,William Auerbach-Levy,5,2
1362,Pieter Dubordieu,5,2
1363,Charles Louis Lingée,5,2
1364,Michael Fenga,5,2
1365,Adele Brooks,5,2
1366,Thomas de Leu,5,2
1367,Walter W. Jennings,5,2
1368,Jean Gordon,5,2
1369,Charles-Antoine Coypel,5,2
1370,Hans Mangelsdorf,5,2
1371,Giovanni Battista Tiepolo,5,2
1372,B. Berndt,5,2
1373,Robert Dunkarton,5,2
1374,Jacob van Ruisdael,5,2
1375,J.C. Easling,5,2
1376,Johann Ladenspelder,5,2
1377,Vera Van Voris,5,2
1378,Samuel O. Klein,5,2
1379,George C. Miller,5,2
1380,Isabella Ruth Doerfler,5,2
1381,Harry Grossen,5,2
1382,Master AD,5,2
1383,Peter De Wint,5,2
1384,Ralph Morton,5,2
1385,Nicolas François Regnault,5,2
1386,Valentine Green,5,2
1387,Marius Hansen,5,2
1388,Beatrice Godwin Whistler,5,2
1389,Franz Brun,5,2
1390,Howard H. Sherman,5,2
1391,Alfred Walbeck,5,2
1392,British 17th Century,5,2
1393,John Hall,5,2
1394,Ralph M. Lewis,5,2
1395,Henry Meyers,5,2
1396,Salomon Gessner,5,2
1397,Elgin Moncure Styll,5,2
1398,Dorothy M. Gerhard,5,2
1399,Francesco Bartolozzi,5,2
1400,Emil Nolde,5,2
1401,Rose Campbell-Gerke,5,2
1402,Ellen Duncan,5,2
1403,Francis Delaram,5,2
1404,Hedwig Emanuel,5,2
1405,William Strang,5,2
1406,Piat Joseph Sauvage,5,2
1407,Verna Tallman,5,2
1408,Carl Keksi,5,2
1409,Carl Guttenberg,5,2
1410,Pierre Maleuvre,5,2
1411,Sarah F. Williams,5,2
1412,Marguerite Gérard,5,2
1413,Louis-Léopold Boilly,5,2
1414,Claude Lorrain,5,2
1415,Pierre Mignard I,5,2
1416,Beverly Chichester,5,2
1417,Ruth Buker,6,2
1418,Wilhelm Lehmbruck,6,2
1419,Roelandt Savery,6,2
1420,Vincent Burzy,6,2
1421,Nicolas Joseph Voyez,6,2
1422,William High,6,2
1423,Therkel Anderson,6,2
1424,Nicolas Antoine Taunay,6,2
1425,Pierre Francois Martenasie,6,2
1426,Paul Ward,6,2
1427,Stow Wengenroth,6,2
1428,Philippe Louis Parizeau,6,2
1429,Richard Whitaker,6,2
1430,Pierre Etienne Moitte,6,2
1431,"Thomas Butts, Jr.",6,2
1432,A. Zimet,6,2
1433,Étienne Ficquet,6,2
1434,Betty Jacob,6,2
1435,Hans Burgkmair I,6,2
1436,Charles Roadman,6,2
1437,Cleo Damianakes,6,2
1438,Mary Ann Flaxman,6,2
1439,Marjorie McIntyre,6,2
1440,Gabriel de Saint-Aubin,6,2
1441,Daniel Fletcher,6,2
1442,Dolores Haupt,6,2
1443,Gabriel Metsu,6,2
1444,Félix Bracquemond,6,2
1445,Frans Hals,6,2
1446,Edward L. Loper,6,2
1447,Elias M. Grossman,6,2
1448,Ernest Stephen Lumsden,6,2
1449,Ethel Dougan,6,2
1450,Jean-François Millet,6,2
1451,Eugene Croe,6,2
1452,Eugène Delacroix,6,2
1453,Hans Wechtlin I,6,2
1454,Master CR,6,2
1455,Charles Bowman,6,2
1456,Andrea Zoan,6,2
1457,Abraham Girardet,6,2
1458,Jean-Francois Marmontel,6,2
1459,Jean Godefroy,6,2
1460,Alexander Patrick Fleming,6,2
1461,Allaert Claesz,6,2
1462,Jean Charles Levasseur,6,2
1463,Kurt Melzer,6,2
1464,Jacques Le Roy,6,2
1465,Jacques Couché,6,2
1466,Antoine Louis Romanet,6,2
1467,Florence Stevenson,6,2
1468,Augustin Hirschvogel,6,2
1469,Gerrit Dou,7,2
1470,Henry Granet,7,2
1471,Jean-Baptiste-Michel Dupreel,7,2
1472,Simon Charles Miger,7,2
1473,Pieter Coopse,7,2
1474,Ludwig Mestler,7,2
1475,Herman Saftleven,7,2
1476,Lucille Lacoursiere,7,2
1477,Frank Fumagalli,7,2
1478,Gordon Saltar,7,2
1479,Molière,7,2
1480,Lillian M. Mosseller,7,2
1481,Rockwell Kent,7,2
1482,Louis Petit,7,2
1483,Irene M. Burge,7,2
1484,Percival Jenner,7,2
1485,Helen E. Gilman,7,2
1486,Magnus S. Fossum,7,2
1487,Baccio Baldini,7,2
1488,Abraham de Bruyn,7,2
1489,Miguel de Cervantes Saavedra,7,2
1490,Michel Le Blon,7,2
1491,Michael Trekur,7,2
1492,Andrea Andreani,7,2
1493,Master of the Housebook,7,2
1494,William McAuley,7,2
1495,Arlene Perkins,7,2
1496,Master S,7,2
1497,Florian,7,2
1498,Master FVB,7,2
1499,Benton Spruance,7,2
1500,Bernhard Schreuder,7,2
1501,Johann Maisch,7,2
1502,Marie Lutrell,7,2
1503,Elizabeth Valentine,7,2
1504,Eleanor Gausser,7,2
1505,Mary C. Davidson,7,2
1506,Clifford Addams,7,2
1507,Columbus Simpson,7,2
1508,Cornelis Bega,7,2
1509,Thomas W. Nason,7,2
1510,Dominique Sornique,7,2
1511,Jean Jacques Pasquier,8,2
1512,Francesco Francia,8,2
1513,Edward White,8,2
1514,Alois E. Ulrich,8,2
1515,Jan de Bray,8,2
1516,James H.C. Vail,8,2
1517,Jacques-Philippe Le Bas,8,2
1518,Gordena Jackson,8,2
1519,Gladys C. Parker,8,2
1520,Jacques Aliamet,8,2
1521,Jacopo de' Barbari,8,2
1522,Italian 18th Century,8,2
1523,Arthur Ralph Middleton Todd,8,2
1524,René Gaillard,8,2
1525,Arthur William Heintzelman,8,2
1526,George Loughridge,8,2
1527,Carmel Wilson,8,2
1528,Charles-Nicolas Cochin I,8,2
1529,Frederick Jackson,8,2
1530,Sir Joshua Reynolds,8,2
1531,Giovanni Domenico Tiepolo,8,2
1532,Lucas Emil Vorsterman,8,2
1533,Juste Chevillet,8,2
1534,Lucas Cranach the Younger,8,2
1535,Nicoletto da Modena,8,2
1536,Lefèvre,8,2
1537,Mary Fitzgerald,8,2
1538,Mabel Ritter,8,2
1539,Leonhard Beck,8,2
1540,Jan Pietersz Saenredam,9,2
1541,Bernardino Luini,9,2
1542,Pierre de L'Estoile,9,2
1543,Francois-Germain Aliamet,9,2
1544,Henri Fantin-Latour,9,2
1545,Elbert S. Mowery,9,2
1546,Frank Maurer,9,2
1547,Charles Criswell,9,2
1548,Cornelis Brouwer,9,2
1549,Nicolas Lancret,9,2
1550,Jean Ouvrier,9,2
1551,Jean Francois Rousseau,9,2
1552,Virgil Solis,9,2
1553,Henri Matisse,9,2
1554,Claude-Louis Desrais,9,2
1555,Auguste Rodin,9,2
1556,Geraud Vidal,9,2
1557,Marian Curtis Foster,9,2
1558,Adolph Opstad,9,2
1559,Ernest Capaldo,9,2
1560,Paulus Pontius,9,2
1561,Edgar Degas,9,2
1562,Albert Levone,9,2
1563,William Evan Charles Morgan,9,2
1564,Lawrence Peterson,9,2
1565,Nicolas de Larmessin IV,9,2
1566,Allart van Everdingen,9,2
1567,Harry G. Aberdeen,9,2
1568,Robert Stewart,9,2
1569,Sara Garfinkel,10,2
1570,Peregrino da Cesena,10,2
1571,Douglas Campbell,10,2
1572,Stella Mosher,10,2
1573,Ralph N. Morgan,10,2
1574,Hyacinthe Rigaud,10,2
1575,Isidore Steinberg,10,2
1576,Domenico Campagnola,10,2
1577,Francois-Nicolas-Barthelemy Dequevauviller,10,2
1578,Eva Noe,10,2
1579,Mina Greene,10,2
1580,Clyde L. Cheney,10,2
1581,Adolfo Bellocq,10,2
1582,Adriaen Collaert,10,2
1583,Giovanni Boccaccio,10,2
1584,Hanns Lautensack,10,2
1585,Adriaen van de Velde,10,2
1586,Pierre Adrien Le Beau,10,2
1587,Hans Collaert the Elder,10,2
1588,Johannes van Vliet,10,2
1589,Albert Urban,10,2
1590,Robert Delaunay,10,2
1591,Pieter Bruegel the Elder,10,2
1592,William Kieckhofel,10,2
1593,Herbert Marsh,10,2
1594,Netherlandish 16th Century,10,2
1595,Master MZ,10,2
1596,Charles-Melchior Descourtis,10,2
1597,François Marie Isidore Queverdo,10,2
1598,Charles Emmanuel Patas,10,2
1599,Benedetto Montagna,10,2
1600,Pierre-Charles Baquoy,10,2
1601,Byron Dingman,10,2
1602,Jean-Baptiste de Grateloup,10,2
1603,Rex F. Bush,11,2
1604,Giovanni Antonio da Brescia,11,2
1605,Ramón Puyol,11,2
1606,Francisco Mateos,11,2
1607,Louis de Surugue de Surgis,11,2
1608,Magdalena van de Passe,11,2
1609,Esther Hansen,11,2
1610,Pablo Picasso,11,2
1611,Paul Klee,11,2
1612,Italian 16th Century,11,2
1613,Carl Buergerniss,11,2
1614,Jean-Baptiste Greuze,11,2
1615,Willem de Passe,11,2
1616,Pierre François Tardieu,11,2
1617,Timothy Cole,11,2
1618,David Strang,11,2
1619,Charlotte Angus,11,2
1620,William Say,11,2
1621,Pietro Antonio Martini,11,2
1622,John Gabriel Stedman,11,2
1623,Aegidius Sadeler II,11,2
1624,Phyllis Dorr,11,2
1625,Zacharias Dolendo,11,2
1626,Jacques-Firmin Beauvarlet,11,2
1627,Ralph Atkinson,11,2
1628,Georg Wechter I,12,2
1629,German 18th Century,12,2
1630,Ann Gene Buckley,12,2
1631,Giovanni Battista Piranesi,12,2
1632,Antoine Watteau,12,2
1633,Paul Gavarni,12,2
1634,Frank Nelson,12,2
1635,Pierre-François Basan,12,2
1636,Cornelis Visscher,12,2
1637,Irene Schaefer,12,2
1638,Pearl Gibbo,12,2
1639,Irene Lawson,12,2
1640,Dorothy Dwin,12,2
1641,Jean de La Fontaine,12,2
1642,James Jones,12,2
1643,Doris Beer,12,2
1644,Daniel Marshack,12,2
1645,Crispijn van de Passe I,12,2
1646,Renold Elstrack,12,2
1647,Creighton Kay-Scott,12,2
1648,Frances Lichten,12,2
1649,Maud M. Holme,13,2
1650,Fred Hassebrock,13,2
1651,Ernest D. Roth,13,2
1652,Al Curry,13,2
1653,Bertha Semple,13,2
1654,Dorothy Lacey,13,2
1655,Edith Miller,13,2
1656,Edouard Manet,13,2
1657,Erwin Schwabe,13,2
1658,Luigi Schiavonetti,13,2
1659,Philippe Triere,13,2
1660,Hans Alexander Mueller,13,2
1661,John Taylor Arms,13,2
1662,Pierre Bonnard,13,2
1663,Jan van de Velde II,13,2
1664,Hieronymus Cock,13,2
1665,Jean-Baptiste Le Prince,13,2
1666,David Low,14,2
1667,Remi-Henri-Joseph Delvaux,14,2
1668,Mae A. Clarke,14,2
1669,Fanchon Larzelere,14,2
1670,Manuel G. Runyan,14,2
1671,Dwight Case Sturges,14,2
1672,Cora Parker,14,2
1673,Millia Davenport,14,2
1674,Paul Gauguin,14,2
1675,Jean-Jacques-François Le Barbier I,14,2
1676,Andreas Bretschneider III,14,2
1677,Auguste Clot,14,2
1678,Antoine-François Sergent,15,2
1679,Florence Earl,15,2
1680,Mildred E. Bent,15,2
1681,Raymond Manupelli,15,2
1682,William P. Shearwood,15,2
1683,Imre Reiner,15,2
1684,Eberhard Siegfried Henne,15,2
1685,Laura Knight,15,2
1686,Daniel Nikolaus Chodowiecki,15,2
1687,Torch Press,15,2
1688,Antoine Borel,15,2
1689,Karel van Mander I,15,2
1690,Charles-Etienne Gaucher,15,2
1691,Pierre-Gabriel Berthault,15,2
1692,Marcantonio Raimondi,15,2
1693,Louis Binet,15,2
1694,Joseph Lubrano,15,2
1695,Louis-Marin Bonnet,15,2
1696,Louis-Michel Halbou,15,2
1697,Marie Alain,16,2
1698,The Woodcut Society,16,2
1699,Louis-Simon Lempereur,16,2
1700,Mae Szilvasy,16,2
1701,Jean-Baptiste-Camille Corot,16,2
1702,Earl Stetson Crawford,16,2
1703,François Dumont,16,2
1704,Anders Zorn,16,2
1705,Jean Dambrun,16,2
1706,Nicolas-Bernard Lépicié,16,2
1707,Howard Raftery,16,2
1708,Isidore-Stanislas Helman,17,2
1709,Jean Siméon Chardin,17,2
1710,Florence Truelson,17,2
1711,Philip Galle,17,2
1712,Lucien Verbeke,17,2
1713,Ella Josephine Sterling,17,2
1714,Philippe de Champaigne,17,2
1715,Francis Dodd,18,2
1716,Suzanne Roy,18,2
1717,Edith Towner,18,2
1718,French 17th Century,18,2
1719,Charlotte Winter,18,2
1720,J. Howard Iams,18,2
1721,Etienne Jeaurat,18,2
1722,Edvard Munch,19,2
1723,Italian 15th Century,19,2
1724,Syrena Swanson,19,2
1725,Jacob Kainen,19,2
1726,Gladys Cook,19,2
1727,Benoît Audran II,19,2
1728,Jules Lefevere,19,2
1729,Master IB,19,2
1730,Louis Gerard Scotin,19,2
1731,Tulita Westfall,19,2
1732,Grace Halpin,19,2
1733,John Melville Kelly,19,2
1734,Roberta Spicer,20,2
1735,Jacques de Gheyn II,20,2
1736,Jacques-Joseph Coiny,20,2
1737,Andrea Mantegna,20,2
1738,Master of the Borders with the Four Fathers of the Church,20,2
1739,Odilon Redon,20,2
1740,Jean-Jacques Flipart,20,2
1741,Raphael,20,2
1742,Gertrude Lemberg,20,2
1743,Clément-Pierre Marillier,20,2
1744,Ivan Mestrovic,21,2
1745,Georg Pencz,21,2
1746,Master E.S.,21,2
1747,Virginia Berge,21,2
1748,Isabelle De Strange,21,2
1749,François Godefroy,21,2
1750,Frank J. Mace,21,2
1751,French 15th Century,22,2
1752,Ray Price,22,2
1753,Bernard Lépicié,22,2
1754,Netherlandish 15th Century,22,2
1755,Louis-Claude Legrand,22,2
1756,Altavoz del Frente,22,2
1757,Johannes Kornlein,22,2
1758,Dorothy Gernon,22,2
1759,Master of the Aachen Madonna,23,2
1760,Arthur G. Merkley,23,2
1761,Master of the E-Series Tarocchi,23,2
1762,Mary Berner,23,2
1763,Frank Short,23,2
1764,F. L. Griggs,23,2
1765,Italian 17th Century,24,2
1766,Marie Famularo,24,2
1767,Charles Turner,24,2
1768,Catherine Fowler,24,2
1769,Edna C. Rex,24,2
1770,Barthel Beham,24,2
1771,Marie Mitchell,24,2
1772,John H. Tercuzzi,25,2
1773,Gerald Leslie Brockhurst,25,2
1774,Evelyn Bailey,25,2
1775,Albert Besnard,26,2
1776,Maurice Denis,26,2
1777,Sigmund Freudenberger,26,2
1778,Salvatore Pinto,27,2
1779,Etienne Delaune,27,2
1780,Jean-Charles Baquoy,27,2
1781,Arelia Arbo,27,2
1782,Francis Law Durand,27,2
1783,Dutch 17th Century,27,2
1784,Louis-Joseph Lefevre,28,2
1785,Rosalia Lane,28,2
1786,Sylvia Dezon,28,2
1787,Theodor de Bry,28,2
1788,Charles-Nicolas Cochin II,28,2
1789,Eva Wilson,29,2
1790,Hans Baldung Grien,29,2
1791,Dorothy Posten,29,2
1792,Bessie Forman,30,2
1793,Nicolas Ponce,31,2
1794,Edith Magnette,31,2
1795,Katherine Hastings,31,2
1796,Joseph L. Boyd,32,2
1797,Canaletto,32,2
1798,Félix-Hilaire Buhot,32,2
1799,Abraham van Diepenbeeck,33,2
1800,Mary E. Humes,33,2
1801,Margaret Concha,33,2
1802,Jean-François Janinet,34,2
1803,Adriaen van Ostade,34,2
1804,Jessie M. Benge,34,2
1805,Louis-Joseph Masquelier,34,2
1806,Mary Cassatt,35,2
1807,Henry De Wolfe,35,2
1808,Julie C. Brush,35,2
1809,Henry Rushbury,35,2
1810,Jonas Suyderhoff,35,2
1811,Philibert-Louis Debucourt,36,2
1812,American 20th Century,38,2
1813,Jean Peszel,38,2
1814,Hans Lützelburger,38,2
1815,Jean Massard,38,2
1816,Emmanuel Jean Nepomucène de Ghendt,38,2
1817,French 18th Century,39,2
1818,Théophile Alexandre Steinlen,39,2
1819,Pierre-Philippe Choffard,39,2
1820,Lucas Cranach the Elder,39,2
1821,Ambroise Vollard,40,2
1822,Pierre Louis de Surugue,40,2
1823,Anonymous Artist,41,2
1824,François Boucher,41,2
1825,Margaret Linsley,42,2
1826,Jean Jacques Le Veau,43,2
1827,François Denis Née,43,2
1828,Twenty-One Gallery,43,2
1829,Antoine-Jean Duclos,43,2
1830,Arthur Briscoe,44,2
1831,Unknown 19th Century,44,2
1832,Cornelis Ploos van Amstel,46,2
1833,Pierre-Antoine Baudouin,47,2
1834,Jean-Baptiste Blaise Simonet,47,2
1835,Joseph de Longueil,49,2
1836,Brion de la Tour,50,2
1837,Augustin de Saint-Aubin,51,2
1838,Sir Anthony van Dyck,51,2
1839,Augustus John,51,2
1840,Jean-Baptiste Joseph Pater,52,2
1841,Nicolas Lavreince,54,2
1842,Lillian Causey,57,2
1843,Jean Honoré Fragonard,59,2
1844,Chinese Qing Dynasty,60,2
1845,Theodore Roussel,61,2
1846,Melita Hofmann,61,2
1847,Ruth M. Barnes,65,2
1848,German 16th Century,66,2
1849,Auguste Lepère,66,2
1850,Noël Le Mire,67,2
1851,Nancy Crimi,68,2
1852,Louis Conrad Rosenberg,69,2
1853,Israhel van Meckenem,73,2
1854,Martin Schongauer,75,2
1855,Hans Holbein the Younger,75,2
1856,Nicolas Delaunay,78,2
1857,Joseph Mallord William Turner,79,2
1858,Robert Austin,82,2
1859,Charles Meryon,84,2
1860,Aristide Maillol,85,2
1861,Jacques Callot,85,2
1862,Francis Seymour Haden,87,2
1863,Cornelius Christoffels,93,2
1864,Albrecht Altdorfer,99,2
1865,Lucas van Leyden,100,2
1866,Charles Monnet,100,2
1867,Simon van de Passe,104,2
1868,Käthe Kollwitz,110,2
1869,Heinrich Aldegrever,116,2
1870,Hendrick Goltzius,129,2
1871,Jean-Michel Moreau the Younger,168,2
1872,Various Artists,168,2
1873,Hubert François Gravelot,175,2
1874,Charles Eisen,190,2
1875,Alphonse Legros,190,2
1876,Sebald Beham,201,2
1877,Wenceslaus Hollar,220,2
1878,Francisco Goya,223,2
1879,Albrecht Dürer,233,2
1880,William Blake,234,2
1881,Robert Nanteuil,238,2
1882,Joseph Pennell,245,2
1883,Rembrandt van Rijn,258,2
1884,James McBey,273,2
1885,Muirhead Bone,301,2
1886,Honoré Daumier,367,2
1887,German 15th Century,435,2
1888,Jean-Louis Forain,438,2
1889,David Young Cameron,461,2
1890,James McNeill Whistler,466,2
